<?xml version="1.0" encoding="UTF-8"?>

<!--
  ~ JBoss, Home of Professional Open Source.
  ~ Copyright 2010, Red Hat, Inc., and individual contributors
  ~ as indicated by the @author tags. See the copyright.txt file in the
  ~ distribution for a full listing of individual contributors.
  ~
  ~ This is free software; you can redistribute it and/or modify it
  ~ under the terms of the GNU Lesser General Public License as
  ~ published by the Free Software Foundation; either version 2.1 of
  ~ the License, or (at your option) any later version.
  ~
  ~ This software is distributed in the hope that it will be useful,
  ~ but WITHOUT ANY WARRANTY; without even the implied warranty of
  ~ MERCHANTABILITY or FITNESS FOR A PARTICULAR PURPOSE. See the GNU
  ~ Lesser General Public License for more details.
  ~
  ~ You should have received a copy of the GNU Lesser General Public
  ~ License along with this software; if not, write to the Free
  ~ Software Foundation, Inc., 51 Franklin St, Fifth Floor, Boston, MA
  ~ 02110-1301 USA, or see the FSF site: http://www.fsf.org.
  -->

<module xmlns="urn:jboss:module:1.1" name="org.jboss.ironjacamar.impl">
    <properties>
        <property name="jboss.api" value="private"/>
    </properties>

    <resources>
        <resource-root path="ironjacamar-common-impl-1.0.12.Final.jar"/>
        <resource-root path="ironjacamar-core-impl-1.0.12.Final.jar"/>
        <resource-root path="ironjacamar-deployers-common-1.0.12.Final.jar"/>
        <resource-root path="ironjacamar-validator-1.0.12.Final.jar"/>
        <!-- Insert resources here -->
    </resources>

    <dependencies>
        <!-- javax.security.auth.callback -->
        <module name="javax.api"/>
        <module name="javax.resource.api"/>
        <module name="javax.security.auth.message.api"/>
        <module name="javax.validation.api"/>
        <module name="org.hibernate.validator"/>
        <module name="org.jboss.as.naming"/>
        <module name="org.jboss.as.transactions"/>
        <module name="org.jboss.common-core"/>
        <module name="org.jboss.jboss-transaction-spi"/>
        <module name="org.jboss.ironjacamar.api"/>
        <module name="org.jboss.logging"/>
        <module name="org.jboss.threads"/>
        <!-- org.jboss.security -->
        <module name="org.picketbox"/>
        <module name="javax.xml.stream.api"/>
    </dependencies>
</module>
