<?xml version="1.0" encoding="UTF-8"?>

<!--
  ~ JBoss, Home of Professional Open Source.
  ~ Copyright 2010, Red Hat, Inc., and individual contributors
  ~ as indicated by the @author tags. See the copyright.txt file in the
  ~ distribution for a full listing of individual contributors.
  ~
  ~ This is free software; you can redistribute it and/or modify it
  ~ under the terms of the GNU Lesser General Public License as
  ~ published by the Free Software Foundation; either version 2.1 of
  ~ the License, or (at your option) any later version.
  ~
  ~ This software is distributed in the hope that it will be useful,
  ~ but WITHOUT ANY WARRANTY; without even the implied warranty of
  ~ MERCHANTABILITY or FITNESS FOR A PARTICULAR PURPOSE. See the GNU
  ~ Lesser General Public License for more details.
  ~
  ~ You should have received a copy of the GNU Lesser General Public
  ~ License along with this software; if not, write to the Free
  ~ Software Foundation, Inc., 51 Franklin St, Fifth Floor, Boston, MA
  ~ 02110-1301 USA, or see the FSF site: http://www.fsf.org.
  -->

<module xmlns="urn:jboss:module:1.1" name="org.hornetq">
    <resources>
        <resource-root path="lib"/>
        <resource-root path="hornetq-core-2.2.21.Final.jar"/>
        <resource-root path="hornetq-jms-2.2.21.Final.jar"/>
        <!-- Insert resources here -->
    </resources>

    <dependencies>
        <module name="javax.api"/>
        <module name="javax.jms.api" />
        <module name="org.jboss.jts"/>
        <module name="org.jboss.netty"/>
        <module name="javax.resource.api"/>
        <module name="org.jboss.jboss-transaction-spi"/>
        <!--this reverse dependency is here so integration classes in the AS code base can be instantiated by HornetQ-->
        <module name="org.jboss.as.messaging"/>
        <!-- https://issues.jboss.org/browse/AS7-4936  this is to avoid an issue on IBM JDK -->
        <module name="sun.jdk"/>
    </dependencies>
</module>
