<!--
  ~ JBoss, Home of Professional Open Source.
  ~ Copyright 2011, Red Hat, Inc., and individual contributors
  ~ as indicated by the @author tags. See the copyright.txt file in the
  ~ distribution for a full listing of individual contributors.
  ~
  ~ This is free software; you can redistribute it and/or modify it
  ~ under the terms of the GNU Lesser General Public License as
  ~ published by the Free Software Foundation; either version 2.1 of
  ~ the License, or (at your option) any later version.
  ~
  ~ This software is distributed in the hope that it will be useful,
  ~ but WITHOUT ANY WARRANTY; without even the implied warranty of
  ~ MERCHANTABILITY or FITNESS FOR A PARTICULAR PURPOSE. See the GNU
  ~ Lesser General Public License for more details.
  ~
  ~ You should have received a copy of the GNU Lesser General Public
  ~ License along with this software; if not, write to the Free
  ~ Software Foundation, Inc., 51 Franklin St, Fifth Floor, Boston, MA
  ~ 02110-1301 USA, or see the FSF site: http://www.fsf.org.
  -->

<server xmlns="urn:jboss:domain:1.3">

    <extensions>
        <extension module="org.jboss.as.connector"/>
        <extension module="org.jboss.as.ee"/>
        <extension module="org.jboss.as.ejb3"/>
        <extension module="org.jboss.as.jacorb"/>
        <extension module="org.jboss.as.jaxr"/>
        <extension module="org.jboss.as.jpa"/>
        <extension module="org.jboss.as.logging"/>
        <extension module="org.jboss.as.naming"/>
        <extension module="org.jboss.as.security"/>
        <extension module="org.jboss.as.transactions"/>
        <extension module="org.jboss.as.webservices"/>
    </extensions>

    <profile>
        <subsystem xmlns="urn:jboss:domain:logging:1.1">
            <console-handler name="CONSOLE">
                <level name="INFO"/>
                <formatter>
                    <pattern-formatter pattern="%d{HH:mm:ss,SSS} %-5p [%c] (%t) %s%E%n"/>
                </formatter>
            </console-handler>

            <periodic-rotating-file-handler name="FILE">
                <level name="INFO"/>
                <formatter>
                    <pattern-formatter pattern="%d{HH:mm:ss,SSS} %-5p [%c] (%t) %s%E%n"/>
                </formatter>
                <file relative-to="jboss.server.log.dir" path="appclient.log"/>
                <suffix value=".yyyy-MM-dd"/>
                <append value="true"/>
            </periodic-rotating-file-handler>

            <logger category="com.arjuna">
                <level name="WARN"/>
            </logger>
            <logger category="sun.rmi">
                <level name="WARN"/>
            </logger>
            <logger category="jacorb">
                <level name="WARN"/>
            </logger>
            <!-- set jacorb.config to ERROR to avoid the "jacorb.properties not found" messages during startup -->
            <logger category="jacorb.config">
                <level name="ERROR"/>
            </logger>

            <root-logger>
                <level name="INFO"/>
                <handlers>
                    <handler name="CONSOLE"/>
                    <handler name="FILE"/>
                </handlers>
            </root-logger>
        </subsystem>
        <subsystem xmlns="urn:jboss:domain:datasources:1.1">
            <datasources>
                <datasource jndi-name="java:jboss/datasources/ExampleDS" enabled="false" use-java-context="true"
                            pool-name="java:jboss/datasources/ExampleDS">
                    <connection-url>jdbc:h2:mem:test;DB_CLOSE_DELAY=-1</connection-url>
                    <driver>h2</driver>
                    <pool></pool>
                    <security>
                        <user-name>sa</user-name>
                        <password>sa</password>
                    </security>
                </datasource>
                <drivers>
                    <driver name="h2" module="com.h2database.h2">
                        <xa-datasource-class>org.h2.jdbcx.JdbcDataSource</xa-datasource-class>
                    </driver>
                </drivers>
            </datasources>
        </subsystem>
        <subsystem xmlns="urn:jboss:domain:ee:1.1">
            <spec-descriptor-property-replacement>false</spec-descriptor-property-replacement>
            <jboss-descriptor-property-replacement>false</jboss-descriptor-property-replacement>
        </subsystem>
        <subsystem xmlns="urn:jboss:domain:ejb3:1.2" />
        <subsystem xmlns="urn:jboss:domain:jacorb:1.1"/>
        <subsystem xmlns="urn:jboss:domain:jpa:1.0">
            <jpa default-datasource=""/>
        </subsystem>
        <subsystem xmlns="urn:jboss:domain:jca:1.1">
            <archive-validation enabled="false" />
            <bean-validation enabled="true" />
            <default-workmanager>
                <short-running-threads>
                    <core-threads count="50"/>
                    <queue-length count="50"/>
                    <max-threads count="50"/>
                    <keepalive-time time="10" unit="seconds"/>
                </short-running-threads>
                <long-running-threads>
                    <core-threads count="50"/>
                    <queue-length count="50"/>
                    <max-threads count="50"/>
                    <keepalive-time time="10" unit="seconds"/>
                </long-running-threads>
            </default-workmanager>
        </subsystem>
        <subsystem xmlns="urn:jboss:domain:naming:1.0"/>
        <subsystem xmlns="urn:jboss:domain:security:1.0">
            <security-domains>
                <security-domain name="other" cache-type="default">
                    <authentication>
                        <login-module code="UsersRoles" flag="required"/>
                    </authentication>
                </security-domain>
                <security-domain name="jboss-web-policy" cache-type="default">
                    <authorization>
                        <policy-module code="Delegating" flag="required"/>
                    </authorization>
                </security-domain>
                <security-domain name="jboss-ejb-policy" cache-type="default">
                    <authorization>
                        <policy-module code="Delegating" flag="required"/>
                    </authorization>
                </security-domain>
            </security-domains>
        </subsystem>
        <subsystem xmlns="urn:jboss:domain:jaxr:1.1">
            <connection-factory jndi-name="java:jboss/jaxr/ConnectionFactory"/>
        </subsystem>
        <subsystem xmlns="urn:jboss:domain:transactions:1.2">
            <recovery-environment socket-binding="txn-recovery-environment" status-socket-binding="txn-status-manager"/>
            <core-environment>
                <process-id>
                    <uuid/>
                </process-id>
            </core-environment>
            <coordinator-environment default-timeout="300"/>
        </subsystem>
        <subsystem xmlns="urn:jboss:domain:webservices:1.1"/>
    </profile>

    <interfaces>
        <interface name="public">
           <inet-address value="${jboss.bind.address:127.0.0.1}"/>
        </interface>
    </interfaces>

    <socket-binding-group name="standard-sockets" default-interface="public">
        <socket-binding name="jacorb" port="3628"/>
        <socket-binding name="jacorb-ssl" port="3629"/>
        <socket-binding name="txn-recovery-environment" port="4712"/>
        <socket-binding name="txn-status-manager" port="4713"/>
    </socket-binding-group>

</server>
