<?xml version="1.0" encoding="UTF-8"?>
<web-fragment version="3.0"
   xmlns="http://java.sun.com/xml/ns/javaee"
   xmlns:xsi="http://www.w3.org/2001/XMLSchema-instance"
   xsi:schemaLocation="http://java.sun.com/xml/ns/javaee
   http://java.sun.com/xml/ns/javaee/web-fragment_3_0.xsd">
   <distributable/>
   <servlet>
       <servlet-name>ServletTestRunner</servlet-name>
       <servlet-class>org.jboss.as.arquillian.protocol.servlet.ServletTestRunner</servlet-class>
   </servlet>
   <servlet-mapping>
       <servlet-name>ServletTestRunner</servlet-name>
       <url-pattern>/ArquillianServletRunner</url-pattern>
   </servlet-mapping>
</web-fragment>
